{
  "total_benchmarks": 5,
  "passed_benchmarks": 5,
  "success_rate": 100.0,
  "benchmark_results": [
    {
      "test": "Latency Benchmark",
      "success": true,
      "metrics": {
        "mean_latency_ms": 2046.8597531318665,
        "median_latency_ms": 2044.4140434265137,
        "min_latency_ms": 2033.5524082183838,
        "max_latency_ms": 2063.5693073272705,
        "std_dev_ms": 9.423475622322483,
        "p95_latency_ms": 2063.5693073272705,
        "p99_latency_ms": 2063.5693073272705,
        "sample_count": 20
      },
      "details": "",
      "timestamp": 1750569672.3988845
    },
    {
      "test": "Throughput Benchmark",
      "success": true,
      "metrics": {
        "optimal_concurrency": "concurrency_8",
        "max_throughput_rps": 3.5659925971057316,
        "throughput_by_concurrency": {
          "concurrency_1": {
            "requests_per_second": 0.43499618156208686,
            "successful_requests": 5,
            "total_requests": 5,
            "success_rate": 100.0,
            "total_time_seconds": 11.494353771209717
          },
          "concurrency_2": {
            "requests_per_second": 0.9185282249900801,
            "successful_requests": 10,
            "total_requests": 10,
            "success_rate": 100.0,
            "total_time_seconds": 10.886981725692749
          },
          "concurrency_4": {
            "requests_per_second": 1.8044118069672264,
            "successful_requests": 20,
            "total_requests": 20,
            "success_rate": 100.0,
            "total_time_seconds": 11.083944320678711
          },
          "concurrency_8": {
            "requests_per_second": 3.5659925971057316,
            "successful_requests": 40,
            "total_requests": 40,
            "success_rate": 100.0,
            "total_time_seconds": 11.217073202133179
          }
        }
      },
      "details": "",
      "timestamp": 1750569717.0842342
    },
    {
      "test": "Batch Efficiency",
      "success": true,
      "metrics": {
        "optimal_batch_size": "batch_50",
        "max_batch_throughput": 12.306869652115234,
        "efficiency_by_batch_size": {
          "batch_1": {
            "items_per_second": 0.46641919550633115,
            "latency_per_item_ms": 2143.994092941284,
            "total_time_seconds": 2.143994092941284,
            "batch_size": 1
          },
          "batch_5": {
            "items_per_second": 2.0727183811789858,
            "latency_per_item_ms": 482.4582099914551,
            "total_time_seconds": 2.4122910499572754,
            "batch_size": 5
          },
          "batch_10": {
            "items_per_second": 4.047915194891928,
            "latency_per_item_ms": 247.0407485961914,
            "total_time_seconds": 2.470407485961914,
            "batch_size": 10
          },
          "batch_20": {
            "items_per_second": 6.769595582295547,
            "latency_per_item_ms": 147.71931171417236,
            "total_time_seconds": 2.9543862342834473,
            "batch_size": 20
          },
          "batch_50": {
            "items_per_second": 12.306869652115234,
            "latency_per_item_ms": 81.25543117523193,
            "total_time_seconds": 4.062771558761597,
            "batch_size": 50
          }
        }
      },
      "details": "",
      "timestamp": 1750569731.2839184
    },
    {
      "test": "Memory Usage",
      "success": true,
      "metrics": {
        "initial_memory_mb": 37.15625,
        "final_memory_mb": 37.3828125,
        "peak_memory_mb": 37.3828125,
        "memory_growth_mb": 0.2265625,
        "avg_memory_mb": 37.37392769607843,
        "memory_samples": 51
      },
      "details": "",
      "timestamp": 1750569843.702056
    },
    {
      "test": "Stress Test",
      "success": true,
      "metrics": {
        "duration_seconds": 32.03558397293091,
        "total_requests": 144,
        "successful_requests": 144,
        "failed_requests": 0,
        "overall_success_rate": 100.0,
        "requests_per_second": 4.4950015620653465,
        "successful_rps": 4.4950015620653465,
        "concurrent_workers": 10,
        "worker_results": [
          {
            "worker_id": 9,
            "requests_sent": 14,
            "successful_requests": 14,
            "error_count": 0,
            "success_rate": 100.0
          },
          {
            "worker_id": 6,
            "requests_sent": 14,
            "successful_requests": 14,
            "error_count": 0,
            "success_rate": 100.0
          },
          {
            "worker_id": 8,
            "requests_sent": 14,
            "successful_requests": 14,
            "error_count": 0,
            "success_rate": 100.0
          },
          {
            "worker_id": 5,
            "requests_sent": 14,
            "successful_requests": 14,
            "error_count": 0,
            "success_rate": 100.0
          },
          {
            "worker_id": 4,
            "requests_sent": 14,
            "successful_requests": 14,
            "error_count": 0,
            "success_rate": 100.0
          },
          {
            "worker_id": 7,
            "requests_sent": 14,
            "successful_requests": 14,
            "error_count": 0,
            "success_rate": 100.0
          },
          {
            "worker_id": 1,
            "requests_sent": 15,
            "successful_requests": 15,
            "error_count": 0,
            "success_rate": 100.0
          },
          {
            "worker_id": 3,
            "requests_sent": 15,
            "successful_requests": 15,
            "error_count": 0,
            "success_rate": 100.0
          },
          {
            "worker_id": 0,
            "requests_sent": 15,
            "successful_requests": 15,
            "error_count": 0,
            "success_rate": 100.0
          },
          {
            "worker_id": 2,
            "requests_sent": 15,
            "successful_requests": 15,
            "error_count": 0,
            "success_rate": 100.0
          }
        ]
      },
      "details": "",
      "timestamp": 1750569875.7386413
    }
  ]
}