{
  "env_proxies": {},
  "requests_behavior": {
    "no_proxy_time": 2.042407274246216,
    "system_proxy_time": 2.0459516048431396
  },
  "windows_proxy": {
    "proxy_enabled": false
  },
  "localhost_bypass": {
    "bypass_list": null,
    "localhost_bypassed": false
  },
  "timeout_behavior": {
    "No proxy": {
      "avg_time": 2.0466413497924805,
      "times": [
        2.0525927543640137,
        2.0412254333496094,
        2.0461058616638184
      ],
      "is_slow": true
    },
    "Explicit no proxy": {
      "avg_time": 2.0488950411478677,
      "times": [
        2.0653316974639893,
        2.0292747020721436,
        2.0520787239074707
      ],
      "is_slow": true
    },
    "System default": {
      "avg_time": 2.0554890632629395,
      "times": [
        2.0530810356140137,
        2.04530668258667,
        2.0680794715881348
      ],
      "is_slow": true
    }
  }
}